<?xml version="1.0"?>
<!--<!DOCTYPE metadata SYSTEM "http://www.esri.com/metadata/esriprof80.dtd">-->
<metadata xml:lang="en"><Esri><MetaID>{877A0636-11C0-41FC-9EC6-FA8862C32655}</MetaID><CreaDate>20040719</CreaDate><CreaTime>17340700</CreaTime><SyncOnce>FALSE</SyncOnce><SyncDate>20040719</SyncDate><SyncTime>20011900</SyncTime><ModDate>20040719</ModDate><ModTime>20011900</ModTime></Esri><idinfo><native>ESRI ArcView 3.2a for Windows</native><descript><langdata Sync="TRUE">en</langdata><abstract>Level 1 of the Global Lakes and Wetlands Database (GLWD) comprises the shoreline polygons of the largest lakes (area &gt;= 50 square km) and reservoirs (storage capacity &gt;= 0.5 cubic km) worldwide, including extensive attribute data.</abstract><purpose>GLWD-1 represents a global polygon map of large lakes to which existing lake registers, compilations or remote sensing data can be linked and georeferenced.</purpose><supplinf>Supplemented by GLWD-2 and GLWD-3.</supplinf></descript><citation><citeinfo><origin>Bernhard Lehner, World Wildlife Fund US</origin><pubdate>July 2004</pubdate><title>Global Lakes and Wetlands Database, Level 1</title><ftname Sync="TRUE">glwd_1</ftname><geoform Sync="TRUE">vector digital data</geoform><onlink>http://www.wwfus.org/science/data.cfm</onlink><edition>Version 1</edition><othercit>Please cite as:
Lehner, B. and Doell, P. (2004): Development and validation of a global database of lakes, reservoirs and wetlands. Journal of Hydrology 296/1-4: 1-22.</othercit><serinfo/><lworkcit><citeinfo/></lworkcit></citeinfo></citation><timeperd><current>Based on various data sources, mostly 1970s to 1990s.</current><timeinfo><sngdate><caldate>July 2004</caldate></sngdate></timeinfo></timeperd><status><progress>Complete</progress><update>As needed</update></status><spdom><bounding><westbc>-180</westbc><eastbc>180</eastbc><northbc>90</northbc><southbc>-60</southbc></bounding><lboundng><leftbc Sync="TRUE">-178.871094</leftbc><rightbc Sync="TRUE">179.994995</rightbc><bottombc Sync="TRUE">-54.605904</bottombc><topbc Sync="TRUE">81.981789</topbc></lboundng></spdom><keywords><theme><themekey>Lakes</themekey><themekey>Reservoirs</themekey></theme><place><placekey>Global</placekey></place></keywords><accconst>Free download at http://www.wwfus.org/science/data.cfm</accconst><useconst>Restricted to non-commercial scientific, conservation and educational purposes.</useconst><natvform Sync="TRUE">Shapefile</natvform><datacred>Bernhard Lehner and Petra Doell.
World Wildlife Fund US, Washington DC, USA.
Center for Environmental Systems Research, University of Kassel, Germany.</datacred><ptcontac><cntinfo><cntperp><cntper>Bernhard Lehner</cntper><cntorg>World Wildlife Fund US</cntorg></cntperp><cntpos>Hydrologist</cntpos><cntaddr><addrtype>mailing and physical address</addrtype><address>1250 24th Street NW</address><city>Washington</city><state>DC</state><postal>20037</postal><country>USA</country></cntaddr><cntemail>bernhard.lehner@wwfus.org</cntemail></cntinfo></ptcontac><secinfo><secclass>Unclassified</secclass></secinfo><crossref><citeinfo/></crossref></idinfo><dataIdInfo><envirDesc Sync="TRUE">Microsoft Windows 2000 Version 5.1 (Build 2600) Service Pack 1; ESRI ArcCatalog 8.2.0.700</envirDesc><dataLang><languageCode Sync="TRUE" value="en"></languageCode></dataLang><idCitation><resTitle Sync="TRUE">glwd_1</resTitle><presForm><PresFormCd Sync="TRUE" value="005"></PresFormCd></presForm></idCitation><spatRpType><SpatRepTypCd Sync="TRUE" value="001"></SpatRepTypCd></spatRpType><geoBox esriExtentType="native"><westBL Sync="TRUE">-178.871094</westBL><eastBL Sync="TRUE">179.994995</eastBL><northBL Sync="TRUE">81.981789</northBL><southBL Sync="TRUE">-54.605904</southBL><exTypeCode Sync="TRUE">1</exTypeCode></geoBox><geoBox esriExtentType="decdegrees"><westBL Sync="TRUE">-178.871094</westBL><eastBL Sync="TRUE">179.994995</eastBL><northBL Sync="TRUE">81.981789</northBL><southBL Sync="TRUE">-54.605904</southBL><exTypeCode Sync="TRUE">1</exTypeCode></geoBox></dataIdInfo><metainfo><langmeta Sync="TRUE">en</langmeta><metstdn Sync="TRUE">FGDC Content Standards for Digital Geospatial Metadata</metstdn><metstdv Sync="TRUE">FGDC-STD-001-1998</metstdv><mettc Sync="TRUE">local time</mettc><metc><cntinfo><cntaddr><addrtype>mailing and physical address</addrtype><city>Washington</city><state>DC</state><postal>20037</postal><address>1250 24th Street NW</address><country>USA</country></cntaddr><cntperp><cntper>Bernhard Lehner</cntper><cntorg>World Wildlife Fund US</cntorg></cntperp><cntpos>Hydrologist</cntpos><cntemail>bernhard.lehner@wwfus.org</cntemail></cntinfo></metc><metd Sync="TRUE">20040719</metd><metsi><metsc>Unclassified</metsc></metsi><metextns><onlink Sync="TRUE">http://www.esri.com/metadata/esriprof80.html</onlink><metprof Sync="TRUE">ESRI Metadata Profile</metprof></metextns></metainfo><mdLang><languageCode Sync="TRUE" value="en"></languageCode></mdLang><mdStanName Sync="TRUE">ISO 19115 Geographic Information - Metadata</mdStanName><mdStanVer Sync="TRUE">DIS_ESRI1.0</mdStanVer><mdChar><CharSetCd Sync="TRUE" value="004"></CharSetCd></mdChar><mdHrLv><ScopeCd Sync="TRUE" value="005"></ScopeCd></mdHrLv><mdHrLvName Sync="TRUE">dataset</mdHrLvName><distinfo><resdesc>Downloadable Data:
http://www.wwfus.org/science/data.cfm</resdesc><stdorder><digform><digtinfo><transize Sync="TRUE">16.457</transize><dssize Sync="TRUE">16.457</dssize><formname>Shapefile</formname></digtinfo></digform></stdorder></distinfo><distInfo><distributor><distorTran><onLineSrc><orDesc Sync="TRUE">002</orDesc><linkage Sync="TRUE">file://\\GIS-LEHNER\C$\bernhard_work\GLWD\glwd_1.shp</linkage><protocol Sync="TRUE">Local Area Network</protocol></onLineSrc><transSize Sync="TRUE">16.457</transSize></distorTran><distorFormat><formatName Sync="TRUE">Shapefile</formatName></distorFormat></distributor></distInfo><spdoinfo><direct Sync="TRUE">Vector</direct><ptvctinf><esriterm Name="glwd_1"><efeatyp Sync="TRUE">Simple</efeatyp><efeageom Sync="TRUE">Polygon</efeageom><esritopo Sync="TRUE">FALSE</esritopo><efeacnt Sync="TRUE">3721</efeacnt><spindex Sync="TRUE">TRUE</spindex><linrefer Sync="TRUE">FALSE</linrefer><featdesc>Lake shorelines</featdesc></esriterm><sdtsterm Name="glwd_1"><sdtstype Sync="TRUE">G-polygon</sdtstype><ptvctcnt Sync="TRUE">3721</ptvctcnt></sdtsterm></ptvctinf><indspref>Centroid coordinates</indspref></spdoinfo><spref><horizsys><cordsysn><geogcsn>Geographic</geogcsn></cordsysn><geograph><geogunit Sync="TRUE">Decimal degrees</geogunit><latres Sync="TRUE">0.000001</latres><longres Sync="TRUE">0.000001</longres></geograph><geodetic><horizdn>North American Datum of 1983</horizdn><ellips Sync="TRUE">Clarke 1866</ellips><semiaxis Sync="TRUE">6378206.400000</semiaxis><denflat Sync="TRUE">294.978698</denflat></geodetic></horizsys></spref><refSysInfo><RefSystem><refSysID><identCode Sync="TRUE">GCS_Assumed_Geographic_1</identCode></refSysID></RefSystem></refSysInfo><spatRepInfo><VectSpatRep><topLvl><TopoLevCd Sync="TRUE" value="001"></TopoLevCd></topLvl><geometObjs Name="glwd_1"><geoObjTyp><GeoObjTypCd Sync="TRUE" value="001"></GeoObjTypCd></geoObjTyp><geoObjCnt Sync="TRUE">3721</geoObjCnt></geometObjs></VectSpatRep></spatRepInfo><eainfo><detailed Name="glwd_1"><enttyp><enttypl>GLWD-1</enttypl><enttypt Sync="TRUE">Feature Class</enttypt><enttypc Sync="TRUE">3721</enttypc><enttypd>Lake shorelines</enttypd></enttyp><attr><attrlabl Sync="TRUE">FID</attrlabl><attalias Sync="TRUE">FID</attalias><attrtype Sync="TRUE">OID</attrtype><attwidth Sync="TRUE">4</attwidth><atprecis Sync="TRUE">0</atprecis><attscale Sync="TRUE">0</attscale><attrdef Sync="TRUE">Internal feature number.</attrdef><attrdefs Sync="TRUE">ESRI</attrdefs><attrdomv><udom Sync="TRUE">Sequential unique whole numbers that are automatically generated.</udom></attrdomv></attr><attr><attrlabl Sync="TRUE">Shape</attrlabl><attalias Sync="TRUE">Shape</attalias><attrtype Sync="TRUE">Geometry</attrtype><attwidth Sync="TRUE">0</attwidth><attrdef>Feature geometry.</attrdef><atprecis Sync="TRUE">0</atprecis><attscale Sync="TRUE">0</attscale><attrdefs Sync="TRUE">ESRI</attrdefs><attrdomv><udom Sync="TRUE">Coordinates defining the features.</udom></attrdomv></attr><attr><attrlabl Sync="TRUE">GLWD_ID</attrlabl><attalias Sync="TRUE">GLWD_ID</attalias><attrtype Sync="TRUE">Number</attrtype><attwidth Sync="TRUE">9</attwidth><attrdef>Unique polygon identification number.</attrdef></attr><attr><attrlabl Sync="TRUE">TYPE</attrlabl><attalias Sync="TRUE">TYPE</attalias><attrtype Sync="TRUE">String</attrtype><attwidth Sync="TRUE">12</attwidth><attrdef>Assigned type: Lake or Reservoir.</attrdef></attr><attr><attrlabl Sync="TRUE">LAKE_NAME</attrlabl><attalias Sync="TRUE">LAKE_NAME</attalias><attrtype Sync="TRUE">String</attrtype><attwidth Sync="TRUE">50</attwidth><attrdef>Name of lake or reservoir.</attrdef></attr><attr><attrlabl Sync="TRUE">DAM_NAME</attrlabl><attalias Sync="TRUE">DAM_NAME</attalias><attrtype Sync="TRUE">String</attrtype><attwidth Sync="TRUE">50</attwidth><attrdef>Name of dam.</attrdef></attr><attr><attrlabl Sync="TRUE">POLY_SRC</attrlabl><attalias Sync="TRUE">POLY_SRC</attalias><attrtype Sync="TRUE">String</attrtype><attwidth Sync="TRUE">12</attwidth><attrdef>Source of polygon outlines (see data documentation).</attrdef></attr><attr><attrlabl Sync="TRUE">AREA_SKM</attrlabl><attalias Sync="TRUE">AREA_SKM</attalias><attrtype Sync="TRUE">Number</attrtype><attwidth Sync="TRUE">12</attwidth><atnumdec Sync="TRUE">1</atnumdec><attrdef>Surface area in square km, as calculated from polygon outlines.</attrdef></attr><attr><attrlabl Sync="TRUE">PERIM_KM</attrlabl><attalias Sync="TRUE">PERIM_KM</attalias><attrtype Sync="TRUE">Number</attrtype><attwidth Sync="TRUE">12</attwidth><atnumdec Sync="TRUE">1</atnumdec><attrdef>Perimeter in km, as calculated from polygon outlines.</attrdef></attr><attr><attrlabl Sync="TRUE">LONG_DEG</attrlabl><attalias Sync="TRUE">LONG_DEG</attalias><attrtype Sync="TRUE">Number</attrtype><attwidth Sync="TRUE">10</attwidth><atnumdec Sync="TRUE">2</atnumdec><attrdef>Longitude of polygon center in degrees.</attrdef></attr><attr><attrlabl Sync="TRUE">LAT_DEG</attrlabl><attalias Sync="TRUE">LAT_DEG</attalias><attrtype Sync="TRUE">Number</attrtype><attwidth Sync="TRUE">10</attwidth><attrdef>Latitude of polygon center in degrees.</attrdef><atnumdec Sync="TRUE">2</atnumdec></attr><attr><attrlabl Sync="TRUE">ELEV_M</attrlabl><attalias Sync="TRUE">ELEV_M</attalias><attrtype Sync="TRUE">Number</attrtype><attwidth Sync="TRUE">12</attwidth><attrdef>Mean elevation in meters, as derived from HYDRO1k.</attrdef></attr><attr><attrlabl Sync="TRUE">CATCH_TSKM</attrlabl><attalias Sync="TRUE">CATCH_TSKM</attalias><attrtype Sync="TRUE">Number</attrtype><attwidth Sync="TRUE">12</attwidth><atnumdec Sync="TRUE">1</atnumdec><attrdef>Watershed (catchment) area in thousand square km, as derived from HYDRO1k.</attrdef></attr><attr><attrlabl Sync="TRUE">INFLOW_CMS</attrlabl><attalias Sync="TRUE">INFLOW_CMS</attalias><attrtype Sync="TRUE">Number</attrtype><attwidth Sync="TRUE">12</attwidth><atnumdec Sync="TRUE">1</atnumdec><attrdef>Mean inflow into lake or reservoir in cubic meters per second (see data documentation).</attrdef></attr><attr><attrlabl Sync="TRUE">VOLUME_CKM</attrlabl><attalias Sync="TRUE">VOLUME_CKM</attalias><attrtype Sync="TRUE">Number</attrtype><attwidth Sync="TRUE">10</attwidth><attrdef>Reservoir volume (storage capacity) in cubic km.</attrdef><atnumdec Sync="TRUE">2</atnumdec></attr><attr><attrlabl Sync="TRUE">VOL_SRC</attrlabl><attalias Sync="TRUE">VOL_SRC</attalias><attrtype Sync="TRUE">String</attrtype><attwidth Sync="TRUE">12</attwidth><attrdef>Source of reservoir volumes (see data documentation).</attrdef></attr><attr><attrlabl Sync="TRUE">COUNTRY</attrlabl><attalias Sync="TRUE">COUNTRY</attalias><attrtype Sync="TRUE">String</attrtype><attwidth Sync="TRUE">30</attwidth><attrdef>Main country of lake or reservoir center.</attrdef></attr><attr><attrlabl Sync="TRUE">SEC_CNTRY</attrlabl><attalias Sync="TRUE">SEC_CNTRY</attalias><attrtype Sync="TRUE">String</attrtype><attwidth Sync="TRUE">50</attwidth><attrdef>Other countries of lake or reservoir (see data documentation).</attrdef></attr><attr><attrlabl Sync="TRUE">RIVER</attrlabl><attalias Sync="TRUE">RIVER</attalias><attrtype Sync="TRUE">String</attrtype><attwidth Sync="TRUE">21</attwidth><attrdef>Name of dammed river.</attrdef></attr><attr><attrlabl Sync="TRUE">NEAR_CITY</attrlabl><attalias Sync="TRUE">NEAR_CITY</attalias><attrtype Sync="TRUE">String</attrtype><attwidth Sync="TRUE">26</attwidth><attrdef>Name of nearest city to dam.</attrdef></attr><attr><attrlabl Sync="TRUE">MGLD_TYPE</attrlabl><attalias Sync="TRUE">MGLD_TYPE</attalias><attrtype Sync="TRUE">String</attrtype><attwidth Sync="TRUE">10</attwidth><attrdef>Type of lake, as provided by MGLD (see data documentation).</attrdef></attr><attr><attrlabl Sync="TRUE">MGLD_AREA</attrlabl><attalias Sync="TRUE">MGLD_AREA</attalias><attrtype Sync="TRUE">Number</attrtype><attwidth Sync="TRUE">10</attwidth><attrdef>Surface area in square km, as provided by MGLD (see data documentation).</attrdef></attr><attr><attrlabl Sync="TRUE">LRS_AREA</attrlabl><attalias Sync="TRUE">LRS_AREA</attalias><attrtype Sync="TRUE">Number</attrtype><attwidth Sync="TRUE">10</attwidth><attrdef>Surface area in square km, as provided by LRs (see data documentation).</attrdef></attr><attr><attrlabl Sync="TRUE">LRS_AR_SRC</attrlabl><attalias Sync="TRUE">LRS_AR_SRC</attalias><attrtype Sync="TRUE">String</attrtype><attwidth Sync="TRUE">12</attwidth><attrdef>Source of LRS_AREA (see data documentation).</attrdef></attr><attr><attrlabl Sync="TRUE">LRS_CATCH</attrlabl><attalias Sync="TRUE">LRS_CATCH</attalias><attrtype Sync="TRUE">Number</attrtype><attwidth Sync="TRUE">10</attwidth><attrdef>Catchment area of reservoir in square km, as provided by ICOLD.</attrdef></attr><attr><attrlabl Sync="TRUE">DAM_HEIGHT</attrlabl><attalias Sync="TRUE">DAM_HEIGHT</attalias><attrtype Sync="TRUE">Number</attrtype><attwidth Sync="TRUE">10</attwidth><attrdef>Height of dam in meters.</attrdef></attr><attr><attrlabl Sync="TRUE">DAM_YEAR</attrlabl><attalias Sync="TRUE">DAM_YEAR</attalias><attrtype Sync="TRUE">Number</attrtype><attwidth Sync="TRUE">10</attwidth><attrdef>Year of completion of dam.</attrdef></attr><attr><attrlabl Sync="TRUE">USE_1</attrlabl><attalias Sync="TRUE">USE_1</attalias><attrtype Sync="TRUE">String</attrtype><attwidth Sync="TRUE">10</attwidth><attrdef>Main purpose/use of reservoir (see data documentation).</attrdef></attr><attr><attrlabl Sync="TRUE">USE_2</attrlabl><attalias Sync="TRUE">USE_2</attalias><attrtype Sync="TRUE">String</attrtype><attwidth Sync="TRUE">10</attwidth><attrdef>Second purpose/use of reservoir (see data documentation).</attrdef></attr><attr><attrlabl Sync="TRUE">USE_3</attrlabl><attalias Sync="TRUE">USE_3</attalias><attrtype Sync="TRUE">String</attrtype><attwidth Sync="TRUE">10</attwidth><attrdef>Third purpose/use of reservoir (see data documentation).</attrdef></attr></detailed></eainfo><mdDateSt Sync="TRUE">20040719</mdDateSt></metadata>
